cid,name,country_id,level,type,people,time,demand,reward,related_id,special,description
委托id,委托名字,国家id(-1为通用),委托等级,委托类型,派遣人数,耗时天数,具体需求,具体奖励(a能力、e经验、j宝珠、t_素质编号_0为取消1为获得、r资源、c_角色adv编号_0不包含1包含、攻略_adv编号_程度0~4、m_委托编号_-1不可完成0可以进行1已完成、声望_0为当地其他为对应势力id_加值为小数点后两位),关联的委托id,特殊委托,委托介绍
int,str,int,int,str,int,int,str,str,int,int,str
0,1,0,0,0,0,0,0,0,0,0,1
委托任务表,,,,,,,,,,,
1,给感染者送抑制剂,-1,1,源石,1,1,r_22_2,声望_0_5,-1,0,当地有一个隐蔽的感染者小聚落，需要将2份感染抑制剂小样送到那里。
2,采集周围的药草,-1,1,资源,1,1,a_46_2,r_11_10,-1,0,医疗部的药材库存不太够了，正好侦查干员汇报说附近有一片树林，可以在那里采集一些药草回来作为备用。
3,挖掘小型源石矿,-1,1,资源,1,1,a_48_2,r_15_50,-1,0,检测到附近有一片露天的小型源石矿，虽然纯度较低，无法进一步精炼，但挖一些回来作为燃料使用还是可以的。
4,收集附近的地质数据,-1,1,资源,2,2,a_42_2&a_45_2,r_14_10,-1,0,地质部门需要一些附近地区的地质数据，以便修正地图和预测天灾。需要派遣干员携带仪器前往指定地点进行收集。
5,帮天灾信使传递消息,-1,1,源石,6,7,a_40_3,声望_0_20,-1,0,驻舰的天灾信使观测到在较远距离有中小型天灾的生成迹象，但目标区域在源石风暴干扰下已经无法直接通讯，需要派遣干员前去协助通知疏散。
6,救助遇难商队,-1,2,资源,5,2,r_13_10&r_21_5&a_46_4&a_48_4,特产_0_50,-1,0,附近有一支商队被野生感染生物袭击了，虽然商队的护卫击退了大部分敌人，但商队的人员仍然有伤亡，载具也有一定的损坏。\n商队向我们发出求救信号，希望能派遣干员前去救助和维修，作为报酬可以把一部分货物交给我们。
7,驱逐野生驮兽群,-1,2,资源,4,1,a_42_2&a_47_12,e_81_8&声望_0_50,-1,0,附近的野生驮兽群开始向人类聚落靠近，这对当地的农作物和居民出行安全都构成了威胁。\n需要派遣干员前去驱逐这些驮兽，以保护当地居民的安全。
8,运送跨城货物,-1,2,资源,8,7,a_42_10,r_3_5&声望_0_50,-1,0,有一笔加急跨城订单需要送到另一座移动城市，但货物的量很大，价值也很高，中间还需要经过很多危险路段，而本地唯一有能力承接这类订单的大型商队前几天刚刚出发。\n如果我们能接下这个运送订单的话，对方愿意支付珍贵的至纯源石作为报酬。
9,日常补给（小）,-1,1,资源,1,1,无,r_4_10&好感_7_50,-1,0,羅德島作為一艘露行艦每天要消耗數量驚人的物資，可露希爾希望你可以派點人幫忙押運補給的卡車車隊，作為回報，她不介意給你一點小小的酬勞
10,日常补给（中）,-1,2,资源,3,3,无,r_4_100&好感_7_100,9,0,羅德島作為一艘露行艦每天要消耗數量驚人的物資，可露希爾希望你可以派點人幫忙押運補給的卡車車隊，作為回報，她不介意給你一點小小的酬勞
11,日常补给（大）,-1,3,资源,6,7,无,r_4_500&好感_7_300,10,0,羅德島作為一艘露行艦每天要消耗數量驚人的物資，可露希爾希望你可以派點人幫忙押運補給的卡車車隊，作為回報，她不介意給你一點小小的酬勞
12,大鍋飯！！,-1,1,资源,3,1,a_43_8,e_83_5&声望_0_30&j_9_10,-1,0,近日羅德島將在在住紮地舉辦義煮活動，但工作人員不夠，希望博士能加派閒置人員前來幫助活動進行
13,義診活動,-1,2,源石,3,7,a_46_5&r_22_15,e_90_10&声望_0_50,-1,0,作為羅德島的行動方針，我們該定期深入鄉野，為當地居民提供免費的醫藥援助與礦石病宣導
14,越野訓練,-1,1,成长,3,2,c_130_1,e_81_10,-1,0,幹員杜賓提議舉辦一場艦外訓練，以提升我島幹員體能水平
15,野外生存訓練,-1,2,成长,5,3,c_130_1,e_81_20,14,0,幹員杜賓提議帶領一支小隊於艦外住紮一陣子，以提升幹員野外生存能力
16,野戰對抗演習,-1,2,成长,7,7,c_130_1,e_81_50,15,0,有鑑於日發嚴峻的形勢，幹員杜賓希望透過一場短期對抗演習以培養幹員戰鬥意識
30,村庄医疗宣传,-1,1,技能,1,2,a_40_1,e_80_5&声望_0_30&j_9_10,-1,0,干员前往源石病患者在郊区的村庄，参与医疗知识普及活动，向村民讲解源石病防治与自我保护方法，促进医患理解，推动罗德岛与地方医疗合作。
31,医患沟通调解,-1,2,技能,1,3,a_40_3,e_80_10&声望_0_50&j_9_50,30,0,干员前往受源石病影响严重的边境小镇，协助当地医疗机构与患者家属沟通，调解因治疗方案分歧引发的矛盾，帮助建立信任关系，缓解医患冲突，提升罗德岛在当地的声誉。
32,灾区心理疏导,-1,3,技能,2,4,a_40_8,e_80_20&声望_0_100&j_9_120,31,0,干员小队前往天灾刚刚结束的受灾城市，组织心理疏导讲座，帮助灾民和医护人员缓解心理压力，调解因资源分配产生的矛盾，促进灾后社会稳定。
33,医患危机公关,-1,4,技能,3,5,a_40_12,e_80_35&声望_0_150&j_9_200,32,0,干员前往因医疗资源分配不均引发舆论风波的合作医院，协助院方与媒体、政府沟通，安抚患者家属，处理危机事件，维护罗德岛及合作方的社会形象。
34,国际医疗谈判,-1,5,技能,5,6,a_40_15,e_80_50&声望_0_300&j_9_500,33,0,干员代表罗德岛前往参与多国医疗合作谈判，协调各方利益，推动源石病防治技术交流，提升罗德岛国际影响力。
35,民兵防卫协助,-1,1,技能,1,2,a_41_1,e_87_5&声望_0_30&j_9_10,-1,0,干员前往地方民兵队，协助指挥作战，应对突发感染生物袭击，保障医疗物资安全抵达，提升干员现场指挥能力。
36,灾区救援指挥,-1,2,技能,1,3,a_41_3,e_87_10&声望_0_50&j_9_50,35,0,干员受命前往附近的天灾受灾区，组织医疗救援队伍，协调多方资源，指挥现场救援行动，确保伤员及时得到救治。
37,城市防暴行动,-1,3,技能,2,4,a_41_8,e_87_20&声望_0_100&j_9_120,36,0,干员小队前往附近的动荡城市，协助地方安保部队指挥防暴行动，保护医疗设施与人员安全，平息骚乱。
38,跨国联合演习,-1,4,技能,3,5,a_41_12,e_87_35&声望_0_150&j_9_200,37,0,干员参与跨国联合防卫演习，指挥多支罗德岛作战小队，统筹多国干员协作，提升应急响应能力。
39,大型灾害应急指挥,-1,5,技能,5,6,a_41_15,e_87_50&声望_0_300&j_9_500,38,0,干员前往当地重要城市，指挥多支医疗与安保队伍应对大规模天灾，协调资源分配，保障灾民与医护安全。
40,感染生物清理,-1,1,技能,1,2,a_42_1,e_81_5&声望_0_30&j_9_10,-1,0,干员前往郊外农场，协助清理因源石病变异的野生动物，保护当地居民与医疗队安全，确保农场恢复生产。
41,物资护送行动,-1,2,技能,1,3,a_42_3,e_81_10&声望_0_50&j_9_50,40,0,干员护送医疗物资车队穿越荒野，途中需应对暴徒和野兽袭击，确保物资安全送达灾区。
42,疫区外围防线,-1,3,技能,2,4,a_42_8,e_81_20&声望_0_100&j_9_120,41,0,干员小队前往天灾影响地区的疫区外围，协助设立防线，抵御感染生物与暴力分子入侵，保障医疗队正常工作。
43,安保设施防护,-1,4,技能,3,5,a_42_12,e_81_35&声望_0_150&j_9_200,42,0,干员参与边境医疗站安保设施防护，协助地方安保部队平息骚乱，保护医疗设备与人员。
44,高风险救援,-1,5,技能,5,6,a_42_15,e_81_50&声望_0_300&j_9_500,43,0,干员组成作战小队前往动乱地区的中心位置，执行高风险医疗救援任务，确保关键医护人员和病患安全撤离。
45,社区义煮活动,-1,1,技能,1,2,a_43_1,e_83_5&声望_0_30&j_9_10,-1,0,干员协助举办阿卡胡拉社区义煮活动，增进罗德岛与当地居民的交流，提升团队凝聚力。
46,特殊饮食方案制定,-1,2,技能,1,3,a_43_3,e_83_10&声望_0_50&j_9_50,45,0,干员前往当地合作医院，为源石病患者制定特殊饮食方案，提升治疗效果，促进医患关系。
47,灾区食品保障,-1,3,技能,2,4,a_43_8,e_83_20&声望_0_100&j_9_120,46,0,干员前往灾区临时安置点，协助准备基础餐食，保障医护人员与灾民的营养供给，缓解粮食短缺。
48,灾区食品分发,-1,4,技能,3,5,a_43_12,e_83_35&声望_0_150&j_9_200,47,0,干员前往当地灾区，负责食品分发工作，确保物资合理分配，缓解灾民饥荒。
49,国际美食交流,-1,5,技能,5,6,a_43_15,e_83_50&声望_0_300&j_9_500,48,0,干员代表罗德岛前往附近的国际美食节，展示特色医疗营养餐，促进文化与技术交流，提升罗德岛影响力。
50,灾区慰问演奏,-1,1,技能,1,2,a_44_1,e_85_5&声望_0_30&j_9_10,-1,0,干员前往灾区临时救助点，为患者和医护人员演奏舒缓音乐，缓解治疗过程中的紧张情绪，提升士气。
51,灾后慰问演出,-1,2,技能,1,3,a_44_3,e_85_10&声望_0_50&j_9_50,50,0,干员参与灾后慰问演出，安抚受灾群众，促进社区恢复，提升罗德岛形象。
52,心理疗愈音乐会,-1,3,技能,2,4,a_44_8,e_85_20&声望_0_100&j_9_120,51,0,干员协助当地干员开展音乐疗法，为灾民和医护人员举办疗愈音乐会，帮助恢复心理健康。
53,医护士气提升,-1,4,技能,3,5,a_44_12,e_85_35&声望_0_150&j_9_200,52,0,干员在当地医疗站组织小型音乐会，提升医护人员士气，营造积极工作氛围，促进团队协作。
54,国际医疗峰会表演,-1,5,技能,5,6,a_44_15,e_85_50&声望_0_300&j_9_500,53,0,干员受邀前往国际医疗峰会，担任表演嘉宾，展示罗德岛在音乐源石技艺与源石病治疗结合领域的研究成果，促进国际合作。
55,图书档案整理,-1,1,技能,1,2,a_45_1,e_82_5&声望_0_30&j_9_10,-1,0,干员前往当地图书馆，协助整理书籍档案，学习相关知识，提升专业素养。
56,灾后政务处理,-1,2,技能,1,3,a_45_3,e_82_10&声望_0_50&j_9_50,55,0,干员协助当地受灾地区的官员进行灾后重建指导，组织人员工作，管理物资调动，提升实际能力。
57,开展学科讲座,-1,3,技能,2,4,a_45_8,e_82_20&声望_0_100&j_9_120,56,0,干员受邀前往当地大学，开展学科讲座，与学生们分享最新研究进展，提升理论水平，推动学术交流。
58,跨学科研讨会,-1,4,技能,3,5,a_45_12,e_82_35&声望_0_150&j_9_200,57,0,干员参与跨学科研讨会，推动技术创新与知识共享，促进多国合作。
59,科研中心交流,-1,5,技能,5,6,a_45_15,e_82_50&声望_0_300&j_9_500,58,0,干员前往科研中心主持学术交流，推动源石利用技术发展，提升罗德岛科研实力。
60,基础诊疗支援,-1,1,技能,1,2,a_46_1,e_90_5&声望_0_30&j_9_10,-1,0,干员前往乡村诊所，协助基础诊疗工作，为轻症患者提供初步治疗与护理，缓解当地医疗压力。
61,急救演练指导,-1,2,技能,1,3,a_46_3,e_90_10&声望_0_50&j_9_50,60,0,干员受邀前往灾区，参与急救演练，提升干员在突发事件中的医疗应变能力，保障灾民安全。
62,复杂手术协助,-1,3,技能,2,4,a_46_8,e_90_20&声望_0_100&j_9_120,61,0,干员协助灾区医疗队进行复杂手术，提升团队协作与技术水平，促进技术交流。
63,灾区医疗救援,-1,4,技能,3,5,a_46_12,e_90_35&声望_0_150&j_9_200,62,0,干员参与灾区紧急医疗救援，处理大规模伤患，提升应急能力，保障灾民生命安全。
64,高难度手术主持,-1,5,技能,5,6,a_46_15,e_90_50&声望_0_300&j_9_500,63,0,干员受邀前往当地医疗中心主持高难度手术，培训新晋医疗干员，推动技术进步。
65,农场种植支援,-1,1,技能,1,2,a_47_1,e_89_5&声望_0_30&j_9_10,-1,0,干员前往当地农场协助种植基础作物，保障医疗物资自给，缓解粮食危机。
66,药用植物改良,-1,2,技能,1,3,a_47_3,e_89_10&声望_0_50&j_9_50,65,0,干员参与当地研究所，协助改良药用植物，为源石病患者提供特殊药材，提升治疗效果。
67,灾区农田恢复,-1,3,技能,2,4,a_47_8,e_89_20&声望_0_100&j_9_120,66,0,干员协助灾区农田恢复生产，缓解粮食危机，支援当地居民，促进社会稳定。
68,跨国农业合作,-1,4,技能,3,5,a_47_12,e_89_35&声望_0_150&j_9_200,67,0,干员参与跨国农业合作项目，推广先进种植技术，提升地区农业水平。
69,农技交流展示,-1,5,技能,5,6,a_47_15,e_89_50&声望_0_300&j_9_500,68,0,干员受邀前往国际农技交流会，展示罗德岛农技成果，促进技术与资源共享。
70,临时医疗设施搭建,-1,1,技能,1,2,a_48_1,e_90_5&声望_0_30&j_9_10,-1,0,干员协助灾区搭建临时医疗设施，提升应急响应能力，保障灾民救治。
71,医疗器械维修,-1,2,技能,1,3,a_48_3,e_90_10&声望_0_50&j_9_50,70,0,干员前往医疗器械工厂，协助维修诊疗设备，保障医疗设施正常运转，提升技术水平。
72,大型设备生产,-1,3,技能,2,4,a_48_8,e_90_20&声望_0_100&j_9_120,71,0,干员参与大型医疗设备生产项目，支援多地医疗需求，提升罗德岛影响力。
73,新型器械研发,-1,4,技能,3,5,a_48_12,e_90_35&声望_0_150&j_9_200,72,0,干员参与医疗器械研发中心的合作项目，协助开发新型诊疗设备，提升罗德岛技术储备。
74,国际医疗展展示,-1,5,技能,5,6,a_48_15,e_90_50&声望_0_300&j_9_500,73,0,干员受邀前往国际医疗展，展示罗德岛自主研发设备，促进技术交流与合作。
75,灾区宣传画创作,-1,1,技能,1,2,a_49_1,e_91_5&声望_0_30&j_9_10,-1,0,干员参与灾区宣传画创作，提升罗德岛形象，促进医患沟通，增强社区凝聚力。
76,艺术疗愈活动,-1,2,技能,1,3,a_49_3,e_91_10&声望_0_50&j_9_50,75,0,干员协助当地社区举办艺术展活动，帮助患者恢复心理健康，促进医患交流。
77,医疗区艺术创作,-1,3,技能,2,4,a_49_8,e_91_20&声望_0_100&j_9_120,76,0,干员前往合作医院，为医疗区绘制温馨壁画和艺术装修设计，营造舒适治疗环境，缓解患者压力，提升医院形象。
78,医疗展览布置,-1,4,技能,3,5,a_49_12,e_91_35&声望_0_150&j_9_200,77,0,干员负责医疗交流展览布置，促进文化交流与合作，提升罗德岛影响力。
79,艺术节主题作品,-1,5,技能,5,6,a_49_15,e_91_50&声望_0_300&j_9_500,78,0,干员受邀前往国际艺术节，展示主题艺术作品和相关源石技艺的应用，提升团队凝聚力与社会影响力，促进多国交流。
101,调查前方的天灾受灾区,-1,1,源石,2,2,r_21_5&r_22_5&a_42_3&a_46_3,声望_0_20,-1,1,前方有高浓度源石反应，并且有可见源石云，疑似为刚结束的小型天灾。\n需要派遣数名干员前去调查灾害情况，并搜救受灾群众。
102,为受灾难民提供医疗支援,-1,2,源石,3,3,r_21_20&r_22_10&a_46_6,r_2_10,11,1,受灾区域内发现了一处幸存聚落，有大量伤患者需要医疗支援。\n需要派遣数名医疗干员前去支援。
103,清理受灾区域的感染生物,-1,2,源石,3,3,a_42_6,r_3_1,11,1,受灾区域内出现了大量感染生物，会危及到聚落的安全。\n需要派遣数名战斗干员前去清理。
104,修复受灾区域的基础设施,-1,2,源石,3,3,r_13_20&a_48_6,r_2_10,11,1,受灾聚落内的基础设施受到了严重破坏，需要进行修复。\n需要派遣数名工程干员前去修复。
111,调查源石矿洞,-1,2,资源,2,2,a_42_4,r_2_10,-1,1,当地有一处废弃的源石矿洞，但已经很久没有人进去过了，可能还有一定的矿藏量，需要派遣干员前去调查。
112,打败矿洞中的暴徒,-1,2,资源,2,2,a_42_5,r_2_20,21,1,矿洞内发现了一伙暴徒，他们可能是为了矿藏而进入矿洞的。\n需要将这些暴徒无力化后进一步调查。
113,消灭矿洞内的感染生物,-1,2,资源,2,2,a_42_6,r_2_50,22,1,矿洞内深处发现了大量感染生物，说明其中确实有很大可能性存在源石矿藏。\n需要消灭这些感染生物，然后再进一步调查。
114,战胜矿洞内的巨型感染生物,-1,3,资源,3,3,r_21_5&r_22_2&a_42_8,r_3_1,23,1,在消灭了大群感染生物后，一只变异的巨型感染生物出现在了矿洞深处，在它的旁边有着大量的源石结晶。\n需要将这只巨型感染生物击败。
115,挖掘矿洞内的源石结晶,-1,2,资源,4,5,a_48_5,r_3_5,24,1,在战胜了巨型感染生物后，矿洞内的源石结晶暴露在了干员们的面前。接下来就是挖掘和运输的工作了。
151,阿卡胡拉生物採集,11,1,资源,2,7,a_45_4,r_11_50&r_14_10,-1,1,最近雨林中大量產出稀有生物樣本，其中不乏有特殊功用的動植物，我們有必要將其研究歸檔
152,灰蕈的研究,11,2,资源,3,10,a_45_4&a_46_3,r_11_100,51,1,在某次出勤報告中稱，雨林中存有一種特殊的菌類，有至幻作用，但有食用人聲稱其意識來到了特殊的空間，我們可以嘗試對其進行研究
153,意識帝國?,11,3,资源,5,30,a_45_6&a_42_6,r_11_100,52,1,經系統性的研究，我們合理懷疑食用該菌類後，其食用人意識會來到一與現實相似的維度，我們可以徵集一隻探險隊對該維度進行探索
154,凱爾西的警告,11,1,资源,1,1,无,r_14_10,53,1,意識帝國的探索不甚順利，精神上的疲勞在探險隊員的身上累積，凱爾西醫生知道此事後嚴正警告了我們的動作
155,也許我們該聽她的,11,1,资源,1,1,无,r_14_100&m_56_-1,54,1,凱爾西醫生說的有道理，這不是我們現在該踏足了領域，我們應銷毀實驗記錄並封存相關數據
156,扎實理論,11,2,资源,2,14,a_45_6&a_48_6,m_55_-1,54,1,你相信你的理論模型，也相信工程部的能力。我們應該暫時無視凱爾西的警告，根據現有的資料來做出一台溝通兩界的試驗機
157,試驗機,11,1,资源,1,1,无,r_14_50,56,1,秘密工程的進度很順利，理論上你只要把試驗機啟動，它就能產生一道溝通兩界的裂隙了
158,失控的試驗機,11,4,资源,6,1,a_42_12&a_48_12,r_14_100,57,1,實驗失控了，現在羅德島旁出現了一道亞空間裂隙，一些探險隊曾提到的意識帝國危險生物這在湧出，我們須立刻組織一支斬首小隊摧毀裂隙中央的試驗機
159,關閉的裂隙,11,1,资源,1,1,无,r_11_500&r_13_500&r_14_500&r_3_2,58,1,在斬首小隊的突擊下，裂隙終於被關閉，意識帝國的生物在失去亞空間的聯繫後也跟著消失了，你決定派人清理一下戰場，看看有沒有什麼能回收的物資來彌補損失
201,保卫钢铁萝卜矿场,9,2,势力,3,3,r_21_100&a_42_4,r_3_1&e_81_10&声望_0_50,-1,0,位于雷姆必拓移动城市“钢铁萝卜城”航线周边的一处矿场，因意外挖掘到源石虫巢穴而荒废。\n近期雷姆必拓矿业联合需要重启该矿洞的挖掘工作，苦于人手不足，将防卫任务外包给了罗德岛。
202,恢复多伦矿场,13,2,势力,3,3,r_21_100&a_42_4,r_3_1&e_81_10&声望_0_50,-1,0,维多利亚多伦郡文森特伯爵旗下产业，因周边地区动荡导致矿场被暴徒占领。伯爵经由特殊渠道联系到罗德岛，希望罗德岛能够尽快帮助多伦矿场恢复生产。
203,清理格里布采矿平台,14,2,势力,3,3,r_21_100&a_42_4,r_3_1&e_81_10&声望_0_50,-1,0,乌萨斯罗斯托夫实业旗下一座已经退役的移动采矿平台，为节约成本，罗斯托夫实业预将其整修后重新投入使用，经早露与罗德岛取得联系，请求罗德岛协助进行相关清理工作。
204,清理斯沃玛加工平台,5,2,势力,3,3,r_21_100&a_42_4,r_3_1&e_81_10&声望_0_50,-1,0,一起原料泄漏事故导致斯沃玛食品彻底弃用这座食品加工平台，平台中储存的废弃原料让这里成了感染生物与暴徒的巢穴，严重影响附近航道安全。\n商业联合会勒令斯沃玛处理此事，而斯沃玛向罗德岛发出了平台清理委托。
205,草也会长石头的吗,11,3,势力,6,5,r_21_100&a_47_8,r_3_5&e_89_30&声望_0_50,-1,0,最近阿卡胡拉丛林中植物的长势有些过于喜人，罕见地对当地居民的生活造成了严重困扰，据说一切的起因都来自一只半植物半源石虫的危险生物。\n依娜姆把清除这一生物的工作委托给了嘉维尔，而忙于医疗工作的嘉维尔头也不回地把这份活计转包给了罗德岛。
206,地上移动黑拳竞技场,9,3,势力,6,5,r_21_100&a_42_8,r_3_5&e_81_30&声望_0_50,-1,0,多索雷斯在建的城市地块之一，在抵达目的地之前遭到了一伙荒地暴徒的袭击，并被他们据为己有。\n据说暴徒们的首领希望将其改造成一座黑拳竞技场。\n坎黛拉女士委托你先给那伙暴徒一个教训，然后把首领请来多索雷斯一叙，她相信对方会接受她的诚意。
207,好消息是漏气，坏消息是毒气,9,3,势力,6,5,r_21_100&a_42_6&a_46_6,r_3_5&e_81_20&e_90_20&声望_0_50,-1,0,雷神工业的一个尖端武器测试平台最近出现了大量请病假的员工，管理人员经过检查，认定此事是某种低毒的工业气体泄漏所致。\n平台在被转移到荒地上准备处理时遭到暴徒占领，员工知晓原因后也纷纷提出工伤赔偿，管理人员焦头烂额，委托罗德岛夺回这座平台，如果能顺便处理气体泄漏就更好了。
208,逆女施工队的紧急公关,4,3,势力,6,5,r_21_1000&a_40_6&a_42_6,r_3_5&e_80_20&e_81_20&声望_0_50,-1,0,一位约翰老妈的前员工在离开几年之后再次出现在了约翰老妈为了安置员工新建的地块上，忽悠了施土队为自己制造海量武器，大肆摧毁前公司的各项设施。\n记者发布了在地块附近拍摄到的影像，各地销售量断崖式下跌，出于声誉考虑，约翰老妈委托罗德岛解决这一问题。
209,荒废灯塔历险记,18,3,势力,6,5,r_21_100&a_42_6&a_45_6,r_3_5&e_81_20&e_82_20&声望_0_50,-1,0,伊比利亚近海的一处荒废灯塔吸引了许多探险者的关注，然而潜入其中的探险者无一例外全都没能返回。\n虽然灯塔外观上没有任何异常，但审判庭怀疑该区域已被深海侵蚀，将其封锁并请求罗德岛协助调查。
210,过剩的喷射冰淇淋,7,3,势力,6,5,r_21_100&a_43_6&a_48_6,r_3_5&e_83_20&e_90_20&声望_0_50,-1,0,拉特兰城郊外一处甜品制作平台近日突发事故，起因是为了满足拉特兰城内增长的冰淇淋需求，技术部门改造生产线导致产能溢出，操作人员因吃了太多冰淇淋而纷纷请了病假。\n现在自动生产线上四处喷射冰淇淋，货运无人机大量涌入城内，缠着民众兜售。为了挽救冰淇淋的声誉，阿尔斯特修道院请求罗德岛协助解决这场危机。
211,制霸自走机械搏斗场,19,3,势力,6,5,r_21_100&a_42_6&a_48_6,r_3_5&e_81_20&e_90_20&声望_0_50,-1,0,“巨大的终极丑东西杯”自走机械对战选拔赛是杜林人发起的一项只有三个月历史的赛事，该赛事办到第十届时，场面变得空前疯狂。\n蜜酿协会和烈酒协会的成员更是在现场爆发了冲突，看台上的装饰都成了他们的“武器”。\n于是，一封来自“杜林保护协会”的信送至罗德岛，请求帮忙维持赛场秩序。
212,合成食品大战天然作物,9,3,势力,6,5,r_21_100&a_47_8,r_3_5&e_89_30&声望_0_50,-1,0,塔山生物科技在雷姆必拓的一处农业科研实验平台近日被一帮“自然饮食主义者”占据，占据者声称实验污染了当地的农产品。\n他们劫持了大量无人机散布不实言论，编造“二十条腿的沙虫”“草莓味的萝卜”等虚假案例，严重抹黑了公司的名誉。\n塔山生物科技请求罗德岛协助夺回平台，制止他们的行为。
213,摇晃勾爪式旋转抓取法,2,3,势力,6,5,r_21_100&a_42_6&a_48_6,r_3_5&e_81_20&e_90_20&声望_0_50,-1,0,盒牌工业为了捉回那些为新产品发布会造势而准备的“任性生物”，开动了最新的大型载具“抓娃娃机”，然而它被竞争对手动了手脚，完全失控了！\n现在，载具正驶向多索雷斯的繁华街道，人们却以为这是计划内的全城表演。\n盒牌工业为了保住自己的口碑，也为了居民的安全，向罗德岛发来了援助请求。
214,依法治理噪音污染扰民案件,8,3,势力,6,5,r_21_100&a_44_6&a_45_6,r_3_5&e_82_20&e_85_20&声望_0_50,-1,0,莱塔尼亚边境的一座城镇中日夜回响着阴森嘈杂的曲调，阻碍了杂音纠治乐团前去演出。\n经调查，此地似乎笼罩着非比寻常的“阴郁法术”，而法术造成的荒芜还在向城外蔓延。为了如期进行演出，杂音纠治乐团向罗德岛提出协助请求。\n搞清楚“阴郁法术”的来源，让乐团得以突破噪音的阻拦吧。
1001,新婚信使,-1,1,角色,1,7,c_291_1&攻略_291_3,r_4_100&j_11_5000,-1,1,出於某些惡趣味，你決定讓安潔莉娜自己將你們的喜帖遞給她在敘拉古的父母，你還慷慨的給她披了一周的假，希望她玩的開心
1002,回娘家,-1,1,角色,1,7,c_377_1&攻略_377_3&r_1_10000,r_4_100&j_11_5000,-1,1,新婚後，你決定給蘇茜批個假，好讓她帶著你的親筆信與禮物回維多利亞的老家好好休息一下，希望岳母大人不會因為女兒結婚的消息感到驚嚇
1003,驕傲的灰兔子,-1,1,角色,1,7,c_230_1&攻略_230_3,r_4_100&j_11_5000,-1,1,在歷經諸多磨難後終於抱得佳人歸(你是那個佳人)的夏洛特決定請假一段時間\n她要回老家一趟，好跟鄉里那些當初不相信你存在的人們看看，她，夏洛特，終於追愛成功
1004,騎警回鄉,-1,1,角色,1,7,c_220_1&攻略_220_3,r_4_100&j_11_5000,-1,1,小格拉尼的收到了過去同事的喜帖，所以決定帶著新婚的好消息回去參加宴會
1005,佩洛的回禮,-1,1,角色,1,7,c_2013_1&攻略_2013_3,r_4_100&j_11_5000,-1,1,博士送了小刻一個漂亮的戒指，但小刻不知道該送什麼給博士，小刻可以出去看看有什麼好吃的嗎?
1006,返廠改裝,-1,1,角色,1,7,c_285_1&攻略_285_3,r_4_100&j_11_5000&t_171_1,-1,1,可露希爾找上了你，說是想借Lancet-2幾天，並神秘兮兮的說你後半生的幸福就靠在她身上了?
1007,純屬意外？,-1,3,角色,1,7,c_377_0&攻略_377_3&声望_131_7500&a_40_5,无,-1,1,你從其他途徑得知了關於獎卷的事，就算蘇茜可以接受，但你不介意用你的方式解決這個問題
1008,失去的【前途】,-1,1,角色,1,1,c_377_0,声望_131_100,1007,1,商談的很順利，你的信使只是略微向維多利亞的承辦人表達了你的為難，事情就有人自動辦好了。\n卡拉頓的一切照常運轉，不過是一家洗髮水工廠換了負責人，與一名前廠長意外死於車禍而已，真是令人遺憾
1009,外出取材,-1,1,角色,1,3,c_181_1&攻略_181_3,无,-1,1,萊娜上交了一張假單，說是附近的有種特殊的香料，想下船去收集一些
1010,情有所屬,-1,1,角色,1,1,c_181_1,r_4_100&j_11_5000,1009,1,萊娜歸來後，送給你一個精緻的香囊。閉上眼，那淡淡的香味讓你聯想到眼前這位愛你的沃爾柏姑娘。\n在你追問這香氣的名字時，萊娜只是墊起腳尖，在你的唇上留下輕輕一吻
1101,反重力科研項目,-1,4,角色,2,7,c_7_1&c_291_1&r_1_50000&r_14_100,r_3_1,-1,1,這裡是可露希爾，也許我們能通過研究幹員安潔莉娜的源石技藝運作方式，開發一種新的載具，博士不試試嗎?
1102,理論驗證機,-1,1,角色,1,7,c_7_1&r_13_500&r_14_100,r_3_1,1101,1,嘶......搞了好久終於模仿出安潔莉娜的源石迴路，但材料也用完了。博士，再撥點材料下來嘛~
1103,推進裝置,13,1,角色,1,7,c_7_1&r_15_100&r_14_100,r_3_1,1102,1,呃，我們確實搞出了可以長時間穩定懸浮的平台，但如您所見...沒有好的推進方案的話它也只會懸浮而已。\n別打我，您去幫我薅一套蒸氣騎士的火箭推進器我馬上完成項目
1104,速攻艇原型機,-1,1,角色,2,1,c_7_1&c_291_1,r_3_1,1103,1,嘿嘿，這玩意可以穩定懸浮於低空，加上火箭推進後速度更是超越這片大地以往任何載具，按照慣例，就依照技術提供者來命名吧~!
2001,死魂靈安撫儀式,6,1,支线,3,3,声望_0_10000&r_13_1000,r_4_10,-1,1,卡茲戴爾的重建進度已經進行的差不多，是時候更換一下這座移動城市的動力來源了，先從安撫這些勞苦功高的老祖宗開始吧
2002,爆炸的熔爐,6,2,支线,3,1,无,c_4146_1,2001,1,該說不出意外的出了意外，在一陣雞飛狗跳之後，熔爐爆炸了。\n有沒有哪個倒楣蛋...富有正義心且樂於助人的女士願意幫我們把死魂靈們收集回來呢，就決定是你了，妮芙!!
2003,四散的祖宗,6,3,支线,3,7,c_4146_1,声望_0_50,2002,1,咳咳...小妮芙，我們這就認命你為死魂靈應對小組的組長，去尋找街上那些同樣倒楣...富有正義之心且助人為樂的夥伴們，將四散的死魂靈們請回來
2004,死魂靈安撫·續,6,1,支线,3,1,c_4146_1,r_4_10,2003,1,巫妖的學徒私下找上了你，希望舉辦一場...不那麼正規了安魂儀式，還叮囑千萬不要告訴老巫妖這檔事，這傢伙真的靠谱嗎?
2005,構思的開始,6,2,支线,3,3,c_4146_1&a_40_4,r_4_10,2004,1,果然，這就不是那麼簡單就能由學徒來完成，不過在錫人先生的引導下，魂靈熔爐就變得像...娛樂設施一樣!!\n博士，我們能在不忙的情況下去給熔爐內的祖宗們講故事嗎!
2006,憧憬未來,6,2,支线,3,3,c_4146_1&a_45_4,r_3_1&r_4_100,2005,1,可惡，偷偷進熔爐時被弗萊蒙特先生抓住了，還被說教了好久，可是給祖宗們說故事真的很有趣嘛...不行! 得想想法子在混進去
2007,雙王計,6,2,支线,3,3,c_4146_1&a_42_4,r_3_1&r_4_100,2006,1,博士博士，這次的野史絕對勁爆，在故事的彼端，特雷西婭小姐和特雷西斯先生同時成為魔王囉!\n而且在阿米婭進來撈我們的時候，兩位魔王大人還露出了懷念的表情，真想知道最後阿米婭和他們的悄悄話說了些什麼
2008,天使之城,6,3,支线,3,3,c_4146_1&a_42_8,r_3_2&r_4_200,2007,1,哇...在新的故事中，薩科塔們居然是由現在的薩卡茲轉化而成埃，曾經的純血溫迪哥背生光翼，成為銃騎\n而像阿爾圖羅小姐那種，則化為了現行的石翼魔薩卡茲，在最後博卓卡斯替先生去找時任教宗談判了，也不知道他成功了沒有...
2009,遁入阇那,6,3,支线,3,3,c_4146_1&a_45_8,r_3_2&r_4_200,2008,1,嗯，雖然出來了，但覺者奎隆...或是說青色怒火，前魔王奎隆先生的話好難懂喔...\n啊，博士，我說的是另一個事件線喔，奎隆先生建了佛國，傳授佛法，卡茲戴爾在悟道的薩卡茲們轉化而成的阿納薩們的建設下變得很美好呢\n他還託我給您帶句話，“安存法度之外，或不失于梦幻泡影，奇妙”，果然好難懂啊
2010,迫近的陰影,6,1,支线,1,1,c_4146_1,r_4_10,2009,1,好奇怪，但...最近入熔爐的時候，好像...被什麼人盯著一樣...
2011,空無前兆,6,1,支线,3,1,c_4146_1,r_4_10,2010,1,啊~~博士!!聽的到嗎!!\n我這次只是試著讓死魂靈祖宗們講自己的故事，然後、然後就失控啦!!\n博士，快想想辦法!!
2012,孤注一擲,6,4,支线,6,5,c_4146_1&a_42_12,r_3_5&r_4_500,2011,1,我原本只是想結束這個故事而已，但現在!!\n幻境變得混沌，有一股“終結故事的存在”正在從空無中現身，博士!!\n它、它正在封存其他的故事，而且，還是以阿米婭的模樣，我們得阻止...
2013,不容拒絕,6,1,支线,1,1,c_4146_1,r_4_10,2012,1,您好，初次見面...博士...
2014,爐芯終曲,6,5,支线,6,5,c_4146_1&a_42_16,r_3_10&r_4_1000,2013,1,呼，終於出來了\n自從遇到裡面那位...魔王阿米婭後，我做了好一陣子的噩夢了，那將一切包裹的悲傷與停滯...\n沒事沒事，不知怎麼了，出來看到博士和阿米婭小姐後，感覺像是放下了一塊大石頭...
2015,熔爐之外,6,6,支线,8,10,c_4146_1&a_42_20&a_45_16&a_48_10,无,2014,1,我擊碎了一切束縛、虛妄，最終站在了這扇終點的大門之前。阿米婭，如果累了，就請休息一下，然後，跟著我出去吧
2016,新生具現,6,1,支线,1,1,c_4146_1,c_6666_1,2015,1,博士，您...唉? 為、為什麼她也在，博士你連這種事情都做得到嗎!!?\n什麼叫她已經失去把人包裹在源石繭的能力了，那就好，被慢慢變成繭的回憶我是無論如何都不想再試了
2021,迫近的歲獸,17,1,支线,1,1,声望_0_3000,c_1011_1,-1,1,博士，很抱歉在這個時間紧急打扰貴司。\n但龍門正面臨著前所未有的危機，我們需要一切人手來協助...守歲，詳細情況請等我們見面再說明
2022,溫度異常,17,1,支线,1,1,c_1011_1,r_4_10,2021,1,您好，您就是羅德島的博士嗎?\n有數個城區的溫度出現不明原因的上升，且沒有源石反應，請幫我派人查看一下
2023,兵俑,17,2,支线,4,1,c_1011_1&a_42_4,r_4_10,2022,1,整合運動? ...不對，是兵俑! 所有人，列陣! 歲獸來了
2024,超載,17,2,支线,4,1,c_1011_1&a_48_4,r_4_10,2023,1,超載當前所有的源石器械，最後查看到底哪裡沒有源石反應，歲獸一定就在那裏!!
2025,正主,17,3,支线,4,1,c_1011_1&a_42_8,r_4_10,2024,1,博士，我想我找到歲獸了，在我牽制住她的時候，麻煩趕快把人派來支援!!
2026,推進,17,4,支线,5,1,c_1011_1&a_42_10&a_46_6,r_4_10,2025,1,好啦，作為一個反派，沒有點壓迫感怎麼能行呢。我現在將從這裡，一步一步向前，直到走到你們大本營然後摧毀它，試著攔住我吧!
2027,城防砲牌爆竹,17,3,支线,4,1,c_1011_1&a_48_8,r_4_10,2026,1,計畫就是，我堵在年的路徑上，然後拉響這個用城防炮核心改裝的二踢腳給年來一下狠的!
2028,任性的導演,17,1,支线,1,1,c_1011_1,r_3_1,2027,1,不要，我的劇情還可以再加點什麼。龍門，站起來吧!!
2029,卡,17,5,支线,6,3,c_1011_1&a_42_12&a_46_8&a_48_4,r_4_10,2028,1,夠了!\n博士，【慶祝新年的小短片】的相關企劃全部取消，鎮壓年並把她帶回來，不要再讓她胡鬧下去了。
2030,洪爐示歲,17,1,支线,1,1,c_1011_1,r_3_5&c_2014_1,2029,1,哎呀~~博士，沒想到那個老女人這次這麼生氣，還押著上島好抵銷拍片的損失。我的電影也只能依據現有的畫面有多少剪多少囉~~
2031,人才派駐,17,1,支线,1,1,无,c_383_1,2030,1,阿諾~~博士你好，經文月夫人推薦，我被派來加深與羅德島在工程方面的合作了
2041,護身符,17,1,支线,1,1,声望_0_5000,c_1021_1,2030,1,拜託啦，炎蓉妹妹。博士都批准這次外勤了，還同意讓克洛斯和你一起去喔\n要是你成功把我那瓜妹妹找回來，我額外答應你一個要求如何?
2042,婆山鎮？,17,2,支线,2,3,c_1011_1&c_1021_1,r_4_10,2041,1,嗨嗨，這裡是定期聯絡喔，刀客塔。\n雖然我們按照年小姐的描述來到了目標附近，但並沒有找到叫【婆山鎮】的聚落誒...阿勒，那是?
2043,日月當空,17,1,支线,2,1,c_1011_1&c_1021_1,r_4_10,2042,1,萬幸還聯繫的上您，博士。長話短說，我們確實到達了任務目標婆山鎮，但卻是因不明原因進來的\n我們正在嘗試釐清狀況，會在明天6點展開下次定期聯絡
2044,獸災,17,2,支线,5,1,c_1011_1&c_1021_1&a_42_6,r_4_10,2043,1,這裡是定期聯絡，博士。這裡簡直感覺不出時間流逝，日月位置永不變，還有不時來襲的獸災...看來年的妹妹確實有古怪
2045,外來人,17,1,支线,2,1,c_1011_1&c_1021_1,r_4_10,2044,1,喔喔，居然還真能聯絡上外界。那小僧就長話短說了，此界乃夕大家的畫卷，但至於出去的辦法...嘿嘿，小僧也不甚明朗
2046,無懼朝陽,17,3,支线,5,1,c_1011_1&c_1021_1&a_42_8,r_4_10,2045,1,那些墨魎...不是懼怕陽光嗎? 牠們正在襲擊鎮民!!
2047,再啟,17,1,支线,2,1,c_1011_1&c_1021_1,r_4_10,2046,1,說來也奇怪，只要所有的畫外人都闔了眼，那這畫卷便會悄悄的變回本來的面貌，每觉醒来，都是如此，小僧早已习惯啦。
2048,難得清醒,17,3,支线,4,1,c_1011_1&c_1021_1&a_45_6,r_4_10,2047,1,唉，也不知她...為何將你們困在這方寸之間。請讓我來幫忙吧，就當是，我的一點小心思
2049,爆竹（真）,17,2,支线,4,1,c_1011_1&c_1021_1&a_48_4,r_4_10,2048,1,雖然黎小姐告訴了我們那些墨魎真正怕的是爆竹，但真的有用嗎? 年小姐也不怕爆竹啊，更何況是這種竹子做的...
2050,問,17,1,支线,2,1,c_1011_1&c_1021_1,r_4_10,2049,1,如果我们也不过是画中人，随便哪天便烟消云散，怎还能如此泰然处之？
2051,答,17,4,支线,4,1,c_1011_1&c_1021_1&a_45_10,r_4_10,2050,1,如果我们也不过是画中人，随便哪天便烟消云散，怎还能如此泰然处之？
2052,古鑄造物,17,1,支线,2,1,c_1011_1&c_1021_1,r_4_10,2051,1,夕大家，感謝您讓我在您的百餘幅畫卷中遊歷，小僧不勝感激。對了，炎熔施主讓我把這個交給...
2053,晖冶寒淬照云清！,17,4,支线,4,1,c_2014_1&a_42_10,r_4_200,2052,1,瓜妹妹，吃我一計，全长八尺宽三尺，采用泰拉前所未见的科技引爆的特大號二踢腳口牙!!
2054,看山是山，看水是水,17,5,支线,6,1,a_45_12&a_40_10&a_49_8,r_3_5,2053,1,只记得第一个见得的，是如今的小僧，最后一个见得，还是如今的小僧\n至于中间万重山水，皆如过眼云烟，想来可能是小僧的种种念想吧
2055,畫中人,17,1,支线,1,1,无,c_2015_1,2054,1,先說好，我是看在年的面子上才來的。我從不送畫，也別用些【幹員義務】之類的藉口打擾我作畫
2056,出畫,17,1,支线,1,1,无,c_139_1,2055,1,先別急著拒絕，黎小姐。人世間難得走一遭，不知你聽說過，源石轉錄技術嗎?
2057,迷路小僧,17,1,支线,1,1,无,c_362_1,2055,1,既然這就是炎蓉施主提到的羅德島，而您又是她口中所言之博士，相逢即是有緣，就容小僧在此艦停留一段時日吧!
3001,日正当中,5,2,支线,2,1,a_42_3&a_46_2,e_81_10&声望_0_30&c_220_1,-1,1,因为宝藏传说而动荡不安的滴水村，迎来了一位来自维多利亚的潇洒骑警：格拉尼。在救下了被严刑拷打的可萝尔后，格拉尼承诺会帮助滴水村。\n躲藏在阁楼之中的格拉尼和可萝尔详细讨论了关于宝藏的情报，可萝尔并没有全盘托出。就在二人打算行动之时，窗外竟然有人飞了出去？
3002,察言观色,5,2,支线,3,1,a_42_4&c_220_1,声望_0_30,3001,1,同样来自罗德岛的神秘干员为了寻找“她”而与赏金猎人交战，随后格拉尼也决定离开阁楼，却意外遇见了躲藏的赏金猎人们。\n被源石虫纠缠不清的格拉尼与可萝尔被突然出现的赏金猎人所救，而这位自称大鲍勃的赏金猎人竟然主动提出要与格拉尼合作。
3003,意外之旅,5,2,支线,3,1,a_42_5&a_45_4&c_220_1,e_81_15&j_9_50,3002,1,有了大鲍勃帮助，格拉尼二人得以顺利前行，并遭遇了神秘干员斯卡蒂后，却没料到斯卡蒂直接拔剑相向，众人被卷入了一场大乱斗中。\n交战中大鲍勃意外负伤，腿部结晶暴露了他是感染者的事实。而格拉尼完全不在意，为大鲍勃进行包扎。
3004,污点证人,5,2,支线,2,1,a_42_5&c_220_1,e_81_10&声望_0_20,3003,1,安全之后，大鲍勃与格拉尼就斯卡蒂与罗德岛的问题展开争论，但尚未得出结果，突兀出现的整合运动就打断了对话。\n面对整合运动的猛攻，大鲍勃主动提出殿后来为格拉尼与可萝尔创造一线生机。而宝藏越发近在眼前，战斗也将越发频繁。
3005,各抒己见,5,3,支线,4,1,a_42_6&c_220_1,e_81_20&声望_0_50,3004,1,为了让可萝尔顺利拿到宝藏，格拉尼选择一人一枪驻守洞口。此时，整合运动，赏金猎人以及斯卡蒂的三方混战也正式拉开帷幕。\n面对难以匹敌的斯卡蒂和涌入的赏金猎人，格拉尼只好撤退接应可萝尔。然而在洞穴深处等待她的，却是熟悉的战友。
3006,黄金三角,5,4,支线,4,1,a_40_6&a_41_6&a_42_6&c_220_1,e_87_10&声望_0_50,3005,1,斯卡蒂，大鲍勃与格拉尼三方对峙，互不相让，他们各自都有坚持的东西。而可萝尔发现宝藏的惊喜呼喊打破了僵局，战斗一触即发。\n格拉尼选择主动献出血液开启宝藏，并拖着斯卡蒂帮村庄解决了游荡的赏金猎人。大鲍勃也在分得剩下的宝藏后，得以远走哥伦比亚。
3007,碧血金沙,5,1,支线,1,1,无,r_4_200&声望_0_500&r_3_5,3006,1,卡西米尔出身的临光不放心格拉尼，而为她写了一份有关卡西米尔骑士宝藏的嘱咐信件。准备离开滴水村的格拉尼这才收到临光的信件，但事件早已解决，是时候踏上归途。
3008,大地惊雷,5,1,支线,1,1,无,c_303_1,3006,1,从古老的歌声中惊醒的幽灵鲨，面前是正准备出发的斯卡蒂，斯卡蒂探望后决定动身前往“秘密被埋葬之地”。\n斯卡蒂试图用“宝藏钥匙”从凯尔希那里换来有关幽灵鲨的信息。但凯尔希显然对斯卡蒂擅自行动的结果略显不快。
3010,摇滚起来,20,1,支线,2,1,a_45_2&c_1_1,声望_0_30&j_9_10,-1,1,黑曜石节热闹开场，罗德岛一行来到了旅游都市汐斯塔，每个人似乎都在这里找到了乐趣。然而，就在博士也打算融入其中时，却收到了紧急通讯。
3011,火山制造,20,1,支线,3,2,a_42_2&a_48_2&c_145_1&c_166_1,e_81_10&声望_0_30,3010,1,前往火山脚下实地考察的天火和普罗旺斯认为火山有些异常。不过，没等她们进一步判断，就听到了求救声。两人救下的竟是市长的女儿，锡兰•道尔科斯。而随着三人的讲述与论证，火山即将爆发的可能性浮出水面。
3012,冲破藩篱,20,2,支线,2,1,a_45_3&c_180_1,e_82_10&声望_0_30,3011,1,艾雅法拉通过远程通讯印证了众人的猜想。一番讨论后，众人决定了接下来的行动方针。
3013,演出继续,20,2,支线,4,1,a_42_4,e_81_15&声望_0_40,3012,1,博士与锡兰前往市政厅，试图说服市长秘书克洛宁。然而，交谈中对方却反而认为博士蒙骗锡兰，并要抓捕博士。\n博士和锡兰破门而出，锡兰此前介绍过的黑这时出现，却站在了两人的对立面。
3014,竞走赛,20,2,支线,4,1,a_42_5&c_134_1,e_81_15&声望_0_40,3013,1,在沙滩区域与追击方短兵相接，而后，伊芙利特出现为两人解围。依托友军制造掩护并完成转场，避免引发更大范围的惊恐与踩踏风险。
3015,影与抉择,20,3,支线,4,2,a_42_6&a_45_4,e_81_20&声望_0_50,3014,1,在与黑的交锋中，对方展现出极强的个人武力与职业素养，黑的身份恐怕不只是市长保镖这么简单，而这番猜测被锡兰听到，她不禁对自己的家人产生了动摇。
3016,压力之下,20,2,支线,2,1,a_45_5,e_82_20&声望_0_60,3015,1,博士和锡兰一边散步一边谈心，最终，锡兰坚定了自己的想法，并制定了一个计划。在广播塔推进实名发布预警的方案评估，准备应对舆情冲击与秩序维持压力，确保信息准确与可执行建议同步落地。
3017,别阻止我,20,3,支线,5,2,a_42_6&a_48_4&c_290_1,e_81_25&j_9_50,3016,1,广播塔下，黑已经等待多时，但是她立刻发现，锡兰不过是诱饵。\n而另一边，红豆和博士顺利进入了市政厅。黑和锡兰的交谈还在继续。不过这一次，黑理解了锡兰的坚持，也发现了自己遭受蒙骗。
3018,杀手女皇,20,3,支线,4,2,a_42_6&a_45_6&c_134_1,e_81_30&声望_0_70,3017,1,两人的交谈终于迎来了结果。黑与锡兰互相理解，而后，黑终于重新站到了锡兰这边。博士和红豆的突击也获得了成果，正在准备逃亡的克洛宁变了脸色，并打算不顾一切逃跑。
3019,爱某个人,20,2,支线,2,1,a_45_6,声望_0_80&j_9_80,3018,1,热闹的live之中，市长的提前回归让克洛宁彻底撕破了脸皮，他决定孤注一掷。但另一边，种种迹象显示，时间可能不多了。
3020,一锤定音,20,3,支线,5,2,a_45_6&a_48_6&c_145_1,e_90_20&声望_0_80,3019,1,被逼入绝境的克洛宁状若疯狂，指使手下向罗德岛一行发动了袭击。虽然打败了克洛宁，但一切似乎无法挽回。\n所幸，普罗旺斯带了好消息，为了制止这场火山爆发，所有人都开始了行动。
3021,汐斯塔狂想曲,20,4,支线,6,3,a_42_6&a_48_6&a_45_6,e_81_35&声望_0_100,3020,1,火山溶洞中，天火向众人解释了阻止火山爆发的方法。而后，在溶洞深处，众人终于见到了火山之主——一只巨型源石虫。\n采取击退与诱导回巢而非歼灭的战术目标，控制震动与热量带来的次生风险。
3022,此生挚爱,20,1,支线,2,1,无,c_340_1&c_348_1,3021,1,火山延缓爆发，汐斯塔将被放弃，黑和锡兰前往罗德岛，事情迎来了相对可以接受的结果。虽然不甚完美，但是至少还有未来可以期待。
3023,邂逅潮声,20,2,支线,3,1,c_301_1&c_134_1&c_344_1,声望_0_60&j_9_80,3022,1,音乐节期间刻刀、伊芙利特、蜜蜡等人的市井插曲与日落即逝乐队成员“Aya”的对话令人深思，应保持对深海议题的长期关注与跟踪。
3024,完美落幕：舞台与余音,20,1,支线,2,1,无,r_4_200&声望_0_500&r_3_5,3021,1,舞台秩序维持与人群风险防控并行，DJ 的自我突破、企鹅物流护场与“大帝”控场化解袭扰；医务室对谈又一次揭示了“深海”的线索——至此，活动完结。
3030,6:44P.M.,17,2,支线,3,1,a_42_4&a_41_3,c_103_1&声望_0_50,-1,1,安魂夜前夕，博士随同车队在龙门绕城公路遭遇了叙拉古黑手党有预谋的伏击，能天使与可颂在市区禁实弹的规矩下救下博士并稳住车队态势，德克萨斯接管驾驶与撤离指挥。\n被带到据点的博士被迫接受了企鹅物流“优秀的企业文化”，然而在一片七嘴八舌之中，能天使不小心触发了敌人留下的糖果盒炸弹陷阱。\n空留下的“饼干密码”成为外勤线索，大帝确认对手已准备充分，决定展开调查。
3031,7:15P.M.,17,2,支线,3,1,a_42_4&a_41_3&c_103_1,e_81_10&声望_0_50,3030,1,因黑胶珍藏被毁，企鹅物流一行人驾车与敌人展开了一场追逐战，博士在车内协调秩序与战术指挥。\n临时搭伙的团队按城市规则交战，避免扩大事态的同时寻找对手破绽，但在狙击的干扰下依然成功地把自己也卷入了车祸。\n而在中央公园内，出现的神秘的“萨科塔”来客引发槐琥的怀疑。
3032,7:22P.M.,17,2,支线,2,1,a_42_3&a_45_3,e_81_10&声望_0_30,3031,1,混乱中博士遇到了自称企鹅物流一员的神秘信使莫斯提马。在莫斯提马的帮助下，二人混入街道，沿途以市井掩护与随机应变摆脱跟踪，并在糖果摊老人处补全旧缘线索。\n在桥上识破包围后，博士按莫斯提马建议跳上运糖小船转移，等待与主力会合，而莫斯提马却不知所踪。
3033,7:59P.M.,17,2,支线,3,1,a_41_4&a_42_3&c_103_1,c_101_1&声望_0_50,3032,1,迷路的博士在空的带领下从码头抄小道回到了公园。正好遇上在拷问黑手党的企鹅物流众人。\n虽然问出了“鼠王”的风声，但能天使失手把人质炸了，所以再度引来乱斗。\n企鹅物流分组离开，博士主动承担引开火力的任务，骑借来的自行车吸引追击。\n再一次失手的甘比诺与卡彭，也开始出现分歧，并下定了决心。
3034,8:31P.M.,17,3,支线,4,1,a_42_6&a_46_3,e_81_20&e_90_10&声望_0_70,3033,1,甘比诺横插一手，挟持博士逼迫企鹅物流众人正面决战，大家的任务转为“抢回博士”并迅速部署营救。\n贫民区，敌人为了取得鼠王的情报而在贫民区殴打居民，槐琥路见不平，出手击退恐吓居民的黑帮，却得知对方的下一个目标正是鱼丸师傅董阿伯。
3035,晚风轻拂,17,2,支线,2,1,a_40_4&a_45_4,e_80_10&e_82_10&声望_0_50,3034,1,卡彭以“接手企鹅物流的渠道”的条件试探博士，并背叛了甘比诺，莫斯提马现身短暂对峙后以“路过的信使”身份护送博士穿城，沿途讲述安魂夜与城市秩序的两面性。\n鼠王露出了真面目，与董阿伯的对话揭示了贫民区的现状与龙门的规矩。\n龙门的晚风依旧轻拂，城市的夜色也依然迷人。
3036,10:26P.M.,17,3,支线,4,1,a_42_8&a_48_4&c_101_1&c_103_1,c_102_1&声望_0_100,3035,1,大地的尽头，日落大道酒吧，企鹅物流与博士正进行着无意义的欢迎与作战与品酒派对。\n遭箭雨与投掷突袭之际，众人选择抄起酒瓶，斗殴正式开始。\n甘比诺挑衅德克萨斯“西西里”身份试图扰乱心态未果，迅速败下阵来，只好以重弩与爆破制造混乱撤离。\n但酒吧也已经被破坏殆尽，恼怒的大帝终于下定决心，正面决战拉开帷幕。
3037,11:08P.M.,17,3,支线,4,1,a_42_8&a_41_6,e_81_20&e_87_15&c_201_1&声望_0_100,3036,1,就在甘比诺决心要与叛徒卡彭做了断的同时，企鹅物流全面铺开情报网络，可颂与博士一起发现了敌人的指挥塔，但在狙击的的干扰下当场暴露，战局瞬间一片混乱。\n莫斯提马也再次现身并加入战局，游刃有余地牵制住了敌方领袖。然而沙暴突然出现，鼠王毫无征兆地出手打散了众人，博士在风沙中与队友短暂结队穿插撤离。
3038,11:41P.M.,17,2,支线,3,1,a_41_4&a_40_3,e_87_10&e_80_5&声望_0_80,3037,1,能天使与莫斯提马久别重逢，不过好景不长，莫斯提马很快就告别离开。而能天使与博士，以及德克萨斯一行，都分别陷入了新的危机。\n伊斯遭到了某位黎博利的监视，而莫斯提马也早已知晓鼠王存在，两人就“不可践踏贫民窟”的底线对谈定调。\n重新汇合的企鹅物流众人得到了大帝的广播联络，前往市中心露天派对现场。
3039,午夜龙门,17,2,支线,3,1,a_42_5&a_45_4,e_81_15&e_82_10&声望_0_80,3038,1,卡彭与甘比诺矛盾进入摊牌倒计时，但两人的决斗再次被槐琥打断，她一定要让肆意妄为的黑手党付出代价。\n同时，鼠王在墓地约见了一位老友，两人的闲聊揭示城市与亡者的相处与悲悯之道。
3040,0:01A.M.,17,3,支线,4,1,a_41_6&a_42_6,e_87_20&e_81_20&声望_0_100&c_243_1,3039,1,鼠王出现并救下了槐琥，卡彭也刺伤了甘比诺，并希望以此投诚，却遭到鼠王拒绝。黑手党早已被鼠王吞噬，这一切尽在他的掌握。\n广场露天派对上大帝闪亮登场，槐琥与企鹅物流一行相遇，出于发泄目的，槐琥与德克萨斯打成一团。\n大帝的演出正值高潮，却突然被鼠王刺穿了身体。敌对势力在人潮掩护下转移部署，下一步的“特别大礼”悬念被鼠王公开抛出。
3041,1:11A.M.,17,4,支线,4,1,a_42_10&a_48_6&c_101_1&c_102_1&c_103_1&c_201_1,e_81_35&e_90_20&声望_0_150,3040,1,鼠王统领的本地帮派和收编的黑手党一起对企鹅物流发起了猛攻，博士分派小组同时实施压制与搜寻“礼物”。\n莫斯提马亲自牵制鼠王，企鹅物流全员联手，击碎沙盾制造窗口，远端狙击介入，靠偷袭击败了鼠王。\n在“管家”确认生死并回收“遗体”的掩护下，博士与莫斯提马舍命一搏，合力拆解铁箱，但倒计时结束，真相却让人大跌眼镜。
3042,破晓时分,17,1,支线,2,1,a_40_3,c_213_1&声望_0_50,3041,1,酒吧废墟中的复盘与庆祝里，团队把酒言欢，畅所欲言，以轻松化解长夜的紧张与疲惫。\n来自拉特兰的监护方，苦难陈述者（？）现身表达了对莫斯提马的关注。\n临别前大帝安排一份“超棘手工作”作为礼物，清晨再启程前往码头为朋友“找场子”，新一轮的斗殴蓄势待发。
3043,群架诀窍,17,2,支线,3,1,a_45_4,e_82_10&声望_0_80,3042,1,看似闹剧的背后，真正的幕后人们相聚在废弃的酒吧。\n鼠王与魏彦吾仍在衡量城市秩序与介入边界，博士则在一旁提出外勤层面的配合建议，确保后续协作与克制尺度可落地执行。\n大帝与欧斐尔的插科打诨折射商业与江湖的共生规则，外部势力在默契中进入观察期与自我约束阶段，为城市恢复常态赢得时间。\n当日出时，老友们并肩而立，看着新的事物缓缓前进。
3044,南辕北辙,17,3,支线,3,1,a_42_6,e_81_20&声望_0_80,3043,1,鼠王向叙拉古残部重申“龙门有龙门的规矩”，敲打其之前的越界行为，黑帮势力土崩成为定局，城市灰度生态短期内回落到可控区间。\n负伤下仓皇逃离龙门的甘比诺与卡彭再次在小径相遇，而他们的决斗依然惯例般的中断——不速之客拉普兰德出现在了二人面前。\n新仇旧怨当场勾销，只为合作求得一线生机。
3045,林中小屋,17,1,支线,1,1,无,r_4_200&声望_0_500&r_3_5,3044,1,郊外的闲聊汇成关于“大帝命硬”的城市传闻合集，同时也记录下这份独特的公共叙事，以市井视角为安魂夜画上轻巧却真实的句点。\n罗德岛整理档案归档经验教训，准备迎接下一次需要我们出手的喧闹与秩序。
3050,埋藏,6,2,支线,3,5,a_42_4&a_45_3,e_81_15&声望_0_50,-1,1,卡兹戴尔混乱的战场上，博士与伊内丝接纳了一位来历不明的萨卡兹爆破手，她绕着营地走，看地面痕迹与撤离路线，只回极少的话，像在衡量这里值不值得投入。\n博士提到名字和代号的不同，提醒她不用急着给自己定价，在多轮彼此试探之后，最终她接手了战死者的武器——一个W死去，一个W加入。\n数月过去，在一场徒劳的刺杀结束后，从卡兹戴尔归来的信使带来的是“巴别塔”的任务，故事在旧名的灰烬上重新开头。
3051,偶然,6,2,支线,3,3,a_42_5&a_41_3,e_81_15&声望_0_50,3050,1,夜里假扮同行的敌人闯入营地，解决了“同伴”后，W提前埋的陷阱炸开一线，博士、W、伊内丝决定兵分三路。\n率先汇合的W和伊内丝因口角而刀剑相向，而运输队也在此时悄然抵达。伊内丝意识到，护送的目标其实是一艘船的巨大骨架。\n敌人在伏击下迅速打散了雇佣兵队伍，醒来的伊内丝被迫与W并肩作战。伊内丝假意抛弃W来埋伏追兵，但她们依旧落入了强敌的包围。
3052,挤压,6,3,支线,3,1,a_46_4&a_48_3,e_88_15&声望_0_70,3051,1,当W恢复意识时，雇佣兵们已经被转移到了昔日的罗德岛号上。伤员被抬进船舱，简陋的医疗区忙得转不开身。\n博士正在与特蕾西娅、凯尔希探讨下一步的对策。而小心翼翼侦查环境的W，也遇到了她的王。\n她了解到“罗德岛”的意义，并开始思考自己的未来。
3053,旗帜,6,3,支线,3,3,a_40_5&a_45_4,e_80_20&声望_0_80,3052,1,罗德岛号上，很多萨卡兹选择留下，但伊内丝对博士和特蕾西娅的本质产生了怀疑，选择脱离巴别塔，带着残存的队员恢复自由雇佣兵的身份。\n而W选择留在这里，递上几个可疑联络点，帮忙清掉潜伏的耳目，为了赢得王的赞许而努力。\n旧旗在火里卷成黑灰，火光映着几张沉默的脸，没人再提它曾值多少。
3054,远遁,6,5,支线,6,7,a_42_20,e_81_40&声望_0_100,3053,1,一夜之间，战争倾斜。特雷西斯对特蕾西娅的刺杀虽然以失败告终，但双王之间的全面开战依然动摇了所有的墙头草。\n几条外线同时沉默，巴别塔判断再拖就会被合围，四处追杀叛徒的W也被劝停改去探路与收集沿途动静，把怒气压在脚步里。\n得知情报的伊内丝重回战场，找到了不安分的W，邀请她回到队伍，不再掺和萨卡兹的内战，而是一起前往乌萨斯的冻土。\n在谈拢之前，远处的天灾云打断了一切，被迫后退的途中，W依旧展现出她疯狂的态度想要观赏天灾——而这只是为了遮掩她与信使的会面。
3055,龟裂,6,4,支线,4,3,a_42_8&a_45_6,e_81_30&声望_0_100,3054,1,切尔诺伯格的战场上，W在斩首了一名萨卡兹佣兵领袖后，如约遭到了伊内丝小队的追杀。\n尽管伊内丝有放过老战友的心思，但听到W报出一串牺牲名字，伊内丝的呼吸乱了一瞬，只能强迫自己把细节听完。\n在短暂的交手之后，重伤逃离的伊内丝意外探知到了塔露拉体内的另一股力量，并遭遇了整合运动的拦截，最后的时刻，她的眼前唯有阴影。
3056,离散,6,4,支线,4,2,a_40_6&a_45_6,e_80_25&声望_0_120,3055,1,在乌萨斯的荒漠中，伊内丝遇见了一位神秘的领袖。赦罪师传达了摄政王的旨意：继续观望这场混乱。\n面对王庭与赦罪师，伊内丝地发现摄政王始终掌握这一切，她也因此被秘密软禁在伦蒂尼姆。\n幸好的是，卡兹戴尔的某处废墟下有一个秘密发报站，那是信使抢在别的耳朵前把话送出去，提醒W与罗德岛的最好方式。
3057,求生,6,1,支线,3,1,无,c_113_1,3056,1,在切尔诺伯格废墟中，W遇到了两个幸存的孩子。\n一个受伤躺着，一个满眼慌张；一个颐指气使，一个卑微怯懦。她们的心中隐藏着隔阂，也不得不依靠对方。\nW没急着救，而是逼她们自己想办法。\胆怯的那个还是咬牙去了旧医院，另一个抓着破布，一遍遍地告诉W，告诉她的绝望和希望。\n药和抑制剂被带回来时，两人抱成一团，W看到了可能性，也看到了自己。
